{"exact_match": 82.639545884579, "f1": 89.86579021858788}
