{"eval_loss": 1.3863636363636365, "eval_accuracy": 0.26130550439942707, "global_step": 1200, "spec": "_0_1200"}