{"exact_match": 36.9714211819475, "f1": 40.21287551259251}
