{"exact_match": 7.975402081362346, "f1": 15.15886606578237}
