{"f1": 35.93686963754517, "exact_match": 28.682270787533945}
