{"f1": 56.27925398563498, "exact_match": 46.95461011250485}
