{"exact_match": 42.86822707875339, "f1": 47.684886631631635}
