{"eval_loss": 1.0470081676136365, "eval_accuracy": 0.5917740945365255, "global_step": 10200, "spec": "_3_10200"}