{"eval_loss": 1.183295708198052, "eval_accuracy": 0.5469613259668509, "global_step": 16000, "spec": "_5_16000"}