{"exact_match": 3.064787275313591, "f1": 5.8016494466851025}
