{
  "exact": 51.04017518739998,
  "f1": 52.25712273086913,
  "total": 11873,
  "HasAns_exact": 6.595816464237517,
  "HasAns_f1": 9.033201447977365,
  "HasAns_total": 5928,
  "NoAns_exact": 95.35744322960471,
  "NoAns_f1": 95.35744322960471,
  "NoAns_total": 5945,
  "best_exact": 51.233892023919815,
  "best_exact_thresh": -2.140625,
  "best_f1": 52.25291149529273,
  "best_f1_thresh": 0.0
}
