{"eval_loss": 1.286335734577922, "eval_accuracy": 0.5183138940045018, "global_step": 0, "spec": "_dev"}