{"eval_loss": 1.421484375, "eval_accuracy": 0.436241610738255, "global_step": 0, "spec": "_dev"}