{"exact_match": 11.289279710332343, "f1": 14.166160325844707}
