{"em": 0.15530047265361244, "f1": 0.23978472773195325, "prec": 0.2681603689429438, "recall": 0.23344422806322557, "sp_em": 0.0, "sp_f1": 0.0, "sp_prec": 0.0, "sp_recall": 0.0, "joint_em": 0.0, "joint_f1": 0.0, "joint_prec": 0.0, "joint_recall": 0.0}
