{"eval_loss": 0.5599088333666135, "eval_accuracy": 0.8014595621313606, "global_step": 0, "spec": "_dev"}