{
  "exact": 69.40116230101911,
  "f1": 73.42121102375032,
  "total": 11873,
  "HasAns_exact": 57.59109311740891,
  "HasAns_f1": 65.64271904267618,
  "HasAns_total": 5928,
  "NoAns_exact": 81.17746005046257,
  "NoAns_f1": 81.17746005046257,
  "NoAns_total": 5945,
  "best_exact": 69.64541396445718,
  "best_exact_thresh": -0.890625,
  "best_f1": 73.51791777450617,
  "best_f1_thresh": -0.34375
}
