{"em": 0.2960162052667117, "f1": 0.4296935343358385, "prec": 0.4604060949536456, "recall": 0.43791844467113517, "sp_em": 0.0, "sp_f1": 0.0, "sp_prec": 0.0, "sp_recall": 0.0, "joint_em": 0.0, "joint_f1": 0.0, "joint_prec": 0.0, "joint_recall": 0.0}
