{"eval_loss": 0.9990741680194806, "eval_accuracy": 0.6754655207693882, "global_step": 0, "spec": "_dev"}