{
  "exact": 77.36882001179146,
  "f1": 80.40559566780658,
  "total": 11873,
  "HasAns_exact": 73.88663967611336,
  "HasAns_f1": 79.96889969026095,
  "HasAns_total": 5928,
  "NoAns_exact": 80.84104289318755,
  "NoAns_f1": 80.84104289318755,
  "NoAns_total": 5945,
  "best_exact": 77.68045144445381,
  "best_exact_thresh": -1.6640625,
  "best_f1": 80.54365628330493,
  "best_f1_thresh": -1.6640625
}
