{"eval_loss": 1.276953125, "eval_accuracy": 0.5201342281879194, "global_step": 0, "spec": "_dev"}