{"em": 0.29574611748818364, "f1": 0.42982799189394244, "prec": 0.46065836437295365, "recall": 0.439194431045028, "sp_em": 0.0, "sp_f1": 0.0, "sp_prec": 0.0, "sp_recall": 0.0, "joint_em": 0.0, "joint_f1": 0.0, "joint_prec": 0.0, "joint_recall": 0.0}
