{"eval_loss": 1.513278713474026, "eval_accuracy": 0.43155310006138736, "global_step": 0, "spec": "_dev"}