{
  "exact": 60.397540638423315,
  "f1": 64.33927872376277,
  "total": 11873,
  "HasAns_exact": 30.195681511470987,
  "HasAns_f1": 38.090461586915225,
  "HasAns_total": 5928,
  "NoAns_exact": 90.51303616484441,
  "NoAns_f1": 90.51303616484441,
  "NoAns_total": 5945,
  "best_exact": 60.51545523456582,
  "best_exact_thresh": -0.21875,
  "best_f1": 64.39419026546365,
  "best_f1_thresh": -0.21875
}
