{"eval_loss": 1.3147701907467533, "eval_accuracy": 0.512584407612032, "global_step": 0, "spec": "_dev"}