{"eval_loss": 1.166205864448052, "eval_accuracy": 0.5954573357888275, "global_step": 0, "spec": "_dev"}