{"eval_loss": 0.4412096894968051, "eval_accuracy": 0.8538938318504449, "global_step": 0, "spec": "_dev"}