{"eval_loss": 1.8607421875, "eval_accuracy": 0.36577181208053694, "global_step": 0, "spec": "_dev"}