{
  "exact": 76.58553019455908,
  "f1": 79.78563965261534,
  "total": 11873,
  "HasAns_exact": 71.64304993252361,
  "HasAns_f1": 78.05244595065808,
  "HasAns_total": 5928,
  "NoAns_exact": 81.5138772077376,
  "NoAns_f1": 81.5138772077376,
  "NoAns_total": 5945,
  "best_exact": 76.92242904068054,
  "best_exact_thresh": -1.6953125,
  "best_f1": 79.91116966472642,
  "best_f1_thresh": -0.63671875
}
