{
  "exact": 50.829613408574076,
  "f1": 52.26847187292637,
  "total": 11873,
  "HasAns_exact": 5.904183535762483,
  "HasAns_f1": 8.786026745488352,
  "HasAns_total": 5928,
  "NoAns_exact": 95.62657695542472,
  "NoAns_f1": 95.62657695542472,
  "NoAns_total": 5945,
  "best_exact": 51.166512254695526,
  "best_exact_thresh": -1.62109375,
  "best_f1": 52.30295967585831,
  "best_f1_thresh": -0.0078125
}
