{"exact_match": 27.31315042573321, "f1": 36.072244009474446}
