{"eval_loss": 1.1951793323863635, "eval_accuracy": 0.6417024759566196, "global_step": 0, "spec": "_dev"}