{"eval_loss": 0.5145388472194489, "eval_accuracy": 0.823852844146756, "global_step": 0, "spec": "_dev"}