{"eval_loss": 1.4296875, "eval_accuracy": 0.40604026845637586, "global_step": 0, "spec": "_dev"}