{"eval_loss": 0.8241009696984825, "eval_accuracy": 0.6888933320003999, "global_step": 0, "spec": "_dev"}