{"eval_loss": 1.38671875, "eval_accuracy": 0.29194630872483224, "global_step": 35, "spec": "_0_35"}