{"eval_loss": 0.8404295314996006, "eval_accuracy": 0.6823952814155754, "global_step": 0, "spec": "_dev"}