{"exact_match": 83.41532639545885, "f1": 90.27872200830195}
