{"eval_loss": 1.2132584212662338, "eval_accuracy": 0.5927972171066094, "global_step": 0, "spec": "_dev"}