{"em": 0.4735989196488859, "f1": 0.6169136084461379, "prec": 0.6430180111474385, "recall": 0.6310897350807787, "sp_em": 0.0, "sp_f1": 0.0, "sp_prec": 0.0, "sp_recall": 0.0, "joint_em": 0.0, "joint_f1": 0.0, "joint_prec": 0.0, "joint_recall": 0.0}
