{"eval_loss": 0.693359375, "eval_accuracy": 0.5719884488448845, "global_step": 800, "spec": "_0_800"}