{"exact_match": 81.97729422894986, "f1": 89.45069473056589}
