{
  "exact": 51.29284932199107,
  "f1": 52.67041716936341,
  "total": 11873,
  "HasAns_exact": 6.815114709851552,
  "HasAns_f1": 9.574200919678125,
  "HasAns_total": 5928,
  "NoAns_exact": 95.64339781328847,
  "NoAns_f1": 95.64339781328847,
  "NoAns_total": 5945,
  "best_exact": 51.35180662006233,
  "best_exact_thresh": -0.703125,
  "best_f1": 52.69400008859203,
  "best_f1_thresh": -0.05859375
}
