{"exact_match": 27.417218543046356, "f1": 36.4387937929315}
