{"eval_loss": 1.3607421875, "eval_accuracy": 0.4597315436241611, "global_step": 0, "spec": "_dev"}