{"exact_match": 48.00378429517502, "f1": 61.5138663068332}
