{
  "exact": 77.41093236755664,
  "f1": 80.38097984324428,
  "total": 11873,
  "HasAns_exact": 73.88663967611336,
  "HasAns_f1": 79.83525197011464,
  "HasAns_total": 5928,
  "NoAns_exact": 80.92514718250631,
  "NoAns_f1": 80.92514718250631,
  "NoAns_total": 5945,
  "best_exact": 78.04261770403437,
  "best_exact_thresh": -1.296875,
  "best_f1": 80.83478623785489,
  "best_f1_thresh": -1.296875
}
