{"eval_loss": 1.6617923092532467, "eval_accuracy": 0.4102721506036423, "global_step": 0, "spec": "_dev"}