{"eval_loss": 1.2269366375811688, "eval_accuracy": 0.5833844894618375, "global_step": 0, "spec": "_dev"}