{"em": 0.052532072923700206, "f1": 0.07781464476291554, "prec": 0.08477400438690125, "recall": 0.08916179214288598, "sp_em": 0.0, "sp_f1": 0.0, "sp_prec": 0.0, "sp_recall": 0.0, "joint_em": 0.0, "joint_f1": 0.0, "joint_prec": 0.0, "joint_recall": 0.0}
