{
  "exact": 42.103933294028465,
  "f1": 42.92292756642475,
  "total": 11873,
  "HasAns_exact": 1.0796221322537112,
  "HasAns_f1": 2.719959344831477,
  "HasAns_total": 5928,
  "NoAns_exact": 83.01093355761144,
  "NoAns_f1": 83.01093355761144,
  "NoAns_total": 5945,
  "best_exact": 50.07159100480081,
  "best_exact_thresh": 0.0,
  "best_f1": 50.07159100480081,
  "best_f1_thresh": 0.0
}
