{"f1": 58.28455146986256, "exact_match": 49.075391180654336}
