{"exact_match": 28.33311780680202, "f1": 35.560351351305975}
