{
  "exact": 60.27120357112777,
  "f1": 63.85673571669297,
  "total": 11873,
  "HasAns_exact": 30.600539811066128,
  "HasAns_f1": 37.7818864987,
  "HasAns_total": 5928,
  "NoAns_exact": 89.85702270815811,
  "NoAns_f1": 89.85702270815811,
  "NoAns_total": 5945,
  "best_exact": 60.38069569611724,
  "best_exact_thresh": -0.6328125,
  "best_f1": 63.908273218748654,
  "best_f1_thresh": -0.078125
}
