{"eval_loss": 0.685350920024671, "eval_accuracy": 0.7603135313531353, "global_step": 0, "spec": "_dev"}