{"f1": 46.17055194910238, "exact_match": 37.83783783783784}
