{"eval_loss": 0.9988141741071429, "eval_accuracy": 0.6773071413955392, "global_step": 0, "spec": "_dev"}