{"eval_loss": 1.1366870434253247, "eval_accuracy": 0.5958665848168611, "global_step": 0, "spec": "_dev"}