{"eval_loss": 1.4603604403409092, "eval_accuracy": 0.567219152854512, "global_step": 0, "spec": "_dev"}