{"eval_loss": 1.5173828125, "eval_accuracy": 0.2986577181208054, "global_step": 0, "spec": "_dev"}