{"eval_loss": 0.6678691663240132, "eval_accuracy": 0.7726897689768977, "global_step": 0, "spec": "_dev"}