{"exact_match": 83.74645222327341, "f1": 90.47707586904859}
