{
  "exact": 59.934304725006314,
  "f1": 62.53356641225926,
  "total": 11873,
  "HasAns_exact": 33.063427800269906,
  "HasAns_f1": 38.269405197832796,
  "HasAns_total": 5928,
  "NoAns_exact": 86.72834314550042,
  "NoAns_f1": 86.72834314550042,
  "NoAns_total": 5945,
  "best_exact": 59.9764170807715,
  "best_exact_thresh": -0.09765625,
  "best_f1": 62.541988883412394,
  "best_f1_thresh": -0.00390625
}
