{"eval_loss": 1.1844561688311688, "eval_accuracy": 0.6425209740126867, "global_step": 0, "spec": "_dev"}