{"exact_match": 82.2705771050142, "f1": 89.63478282129076}
