{
  "exact": 78.21948959824813,
  "f1": 81.2242841545281,
  "total": 11873,
  "HasAns_exact": 76.53508771929825,
  "HasAns_f1": 82.55329382029569,
  "HasAns_total": 5928,
  "NoAns_exact": 79.89907485281749,
  "NoAns_f1": 79.89907485281749,
  "NoAns_total": 5945,
  "best_exact": 79.1880737808473,
  "best_exact_thresh": -2.3359375,
  "best_f1": 81.94077252528515,
  "best_f1_thresh": -2.3359375
}
