{"eval_loss": 0.636365388569079, "eval_accuracy": 0.7716584158415841, "global_step": 0, "spec": "_dev"}