{"em": 0.2538825118163403, "f1": 0.34776006297938344, "prec": 0.356140441104371, "recall": 0.36882282958245133, "sp_em": 0.0, "sp_f1": 0.0, "sp_prec": 0.0, "sp_recall": 0.0, "joint_em": 0.0, "joint_f1": 0.0, "joint_prec": 0.0, "joint_recall": 0.0}
