{
  "exact": 77.41935483870968,
  "f1": 80.46099775629996,
  "total": 11873,
  "HasAns_exact": 73.61673414304994,
  "HasAns_f1": 79.70874263841918,
  "HasAns_total": 5928,
  "NoAns_exact": 81.21110176619007,
  "NoAns_f1": 81.21110176619007,
  "NoAns_total": 5945,
  "best_exact": 77.97523793481007,
  "best_exact_thresh": -1.9921875,
  "best_f1": 80.81909396066185,
  "best_f1_thresh": -1.6484375
}
