{"eval_loss": 1.165122584292763, "eval_accuracy": 0.5317656765676567, "global_step": 0, "spec": "_dev"}