{"em": 0.15651586765698852, "f1": 0.23877553128768814, "prec": 0.2641908384869323, "recall": 0.2344913960651539, "sp_em": 0.0, "sp_f1": 0.0, "sp_prec": 0.0, "sp_recall": 0.0, "joint_em": 0.0, "joint_f1": 0.0, "joint_prec": 0.0, "joint_recall": 0.0}
