{
  "exact": 50.87172576433926,
  "f1": 52.24343711458248,
  "total": 11873,
  "HasAns_exact": 6.1909581646423755,
  "HasAns_f1": 8.938314585262727,
  "HasAns_total": 5928,
  "NoAns_exact": 95.42472666105971,
  "NoAns_f1": 95.42472666105971,
  "NoAns_total": 5945,
  "best_exact": 50.905415648951404,
  "best_exact_thresh": -0.90625,
  "best_f1": 52.2574745665043,
  "best_f1_thresh": -0.046875
}
