{"em": 0.06130992572586091, "f1": 0.10018886580447016, "prec": 0.10347269204945257, "recall": 0.11690624582639131, "sp_em": 0.0, "sp_f1": 0.0, "sp_prec": 0.0, "sp_recall": 0.0, "joint_em": 0.0, "joint_f1": 0.0, "joint_prec": 0.0, "joint_recall": 0.0}
