{
  "exact": 74.7999663101154,
  "f1": 78.79331449047083,
  "total": 11873,
  "HasAns_exact": 69.39946018893387,
  "HasAns_f1": 77.39760845906878,
  "HasAns_total": 5928,
  "NoAns_exact": 80.18502943650127,
  "NoAns_f1": 80.18502943650127,
  "NoAns_total": 5945,
  "best_exact": 75.34742693506274,
  "best_exact_thresh": -3.28125,
  "best_f1": 79.069872660296,
  "best_f1_thresh": -1.20703125
}
