{"f1": 55.968399396695006, "exact_match": 46.877020561231085}
