{
  "exact": 50.998062831634805,
  "f1": 52.250315216925735,
  "total": 11873,
  "HasAns_exact": 6.359649122807017,
  "HasAns_f1": 8.86774503551953,
  "HasAns_total": 5928,
  "NoAns_exact": 95.50883095037847,
  "NoAns_f1": 95.50883095037847,
  "NoAns_total": 5945,
  "best_exact": 51.082287543165165,
  "best_exact_thresh": -2.0078125,
  "best_f1": 52.25873768807879,
  "best_f1_thresh": -0.0078125
}
