{"eval_loss": 0.42218651329747403, "eval_accuracy": 0.8425972208337499, "global_step": 4400, "spec": "_1_4400"}