{"f1": 36.32309297174125, "exact_match": 29.044355360144834}
