{"eval_loss": 1.0804072858426517, "eval_accuracy": 0.6208637408777367, "global_step": 0, "spec": "_dev"}