{"exact_match": 54.730368968779565, "f1": 64.69574878173164}
