{"em": 0.42538825118163404, "f1": 0.5619256754644325, "prec": 0.5930633042647834, "recall": 0.5713774063711505, "sp_em": 0.0, "sp_f1": 0.0, "sp_prec": 0.0, "sp_recall": 0.0, "joint_em": 0.0, "joint_f1": 0.0, "joint_prec": 0.0, "joint_recall": 0.0}
