{"eval_loss": 0.5987108126996805, "eval_accuracy": 0.7887133859842047, "global_step": 0, "spec": "_dev"}