{
  "exact": 60.557567590331004,
  "f1": 64.7104514896079,
  "total": 11873,
  "HasAns_exact": 30.17881241565452,
  "HasAns_f1": 38.496489631597996,
  "HasAns_total": 5928,
  "NoAns_exact": 90.84945332211943,
  "NoAns_f1": 90.84945332211943,
  "NoAns_total": 5945,
  "best_exact": 60.61652488840226,
  "best_exact_thresh": -0.4765625,
  "best_f1": 64.71045148960823,
  "best_f1_thresh": 0.0
}
