{"eval_loss": 1.0376357041396105, "eval_accuracy": 0.6680990382647841, "global_step": 0, "spec": "_dev"}