{"exact_match": 62.40302743614002, "f1": 67.98758396383752}
