{"exact_match": 27.06717123935667, "f1": 35.579667255345136}
