{"eval_loss": 1.3057845474837662, "eval_accuracy": 0.5146306527521998, "global_step": 0, "spec": "_dev"}