{"exact_match": 49.24314096499527, "f1": 62.07372293360695}
