{"eval_loss": 1.0020816200657894, "eval_accuracy": 0.6404702970297029, "global_step": 0, "spec": "_dev"}