{
  "exact": 76.88031668491536,
  "f1": 80.12354363997913,
  "total": 11873,
  "HasAns_exact": 71.67678812415654,
  "HasAns_f1": 78.17254278634826,
  "HasAns_total": 5928,
  "NoAns_exact": 82.06896551724138,
  "NoAns_f1": 82.06896551724138,
  "NoAns_total": 5945,
  "best_exact": 77.35197506948539,
  "best_exact_thresh": -0.96875,
  "best_f1": 80.49980992239293,
  "best_f1_thresh": -0.96875
}
