{"em": 0.11114112086428089, "f1": 0.16886946381796789, "prec": 0.17970875125424599, "recall": 0.17409196349717476, "sp_em": 0.0, "sp_f1": 0.0, "sp_prec": 0.0, "sp_recall": 0.0, "joint_em": 0.0, "joint_f1": 0.0, "joint_prec": 0.0, "joint_recall": 0.0}
