{"eval_loss": 1.546875, "eval_accuracy": 0.3724832214765101, "global_step": 0, "spec": "_dev"}