{"exact_match": 62.12866603595081, "f1": 68.52724712812946}
