{"eval_loss": 0.7521779913651315, "eval_accuracy": 0.7031765676567657, "global_step": 0, "spec": "_dev"}