{"f1": 25.215868917694475, "exact_match": 19.81119875856718}
