{"eval_loss": 1.4150390625, "eval_accuracy": 0.4597315436241611, "global_step": 0, "spec": "_dev"}