{"eval_loss": 0.6127173085563099, "eval_accuracy": 0.7856143157052884, "global_step": 0, "spec": "_dev"}