{"exact_match": 82.41248817407758, "f1": 89.8203474297655}
