{
  "exact": 60.304893455739915,
  "f1": 64.68600198091205,
  "total": 11873,
  "HasAns_exact": 30.668016194331983,
  "HasAns_f1": 39.44279715238993,
  "HasAns_total": 5928,
  "NoAns_exact": 89.85702270815811,
  "NoAns_f1": 89.85702270815811,
  "NoAns_total": 5945,
  "best_exact": 60.372273224964204,
  "best_exact_thresh": -1.109375,
  "best_f1": 64.72902445718682,
  "best_f1_thresh": -0.09375
}
