{"em": 0.2968264686022957, "f1": 0.43021983924146856, "prec": 0.46041624897147326, "recall": 0.43706058169983586, "sp_em": 0.0, "sp_f1": 0.0, "sp_prec": 0.0, "sp_recall": 0.0, "joint_em": 0.0, "joint_f1": 0.0, "joint_prec": 0.0, "joint_recall": 0.0}
