{
  "exact": 10.873410258569864,
  "f1": 14.225864750783545,
  "total": 11873,
  "HasAns_exact": 4.065452091767881,
  "HasAns_f1": 10.779975065123667,
  "HasAns_total": 5928,
  "NoAns_exact": 17.661900756938604,
  "NoAns_f1": 17.661900756938604,
  "NoAns_total": 5945,
  "best_exact": 50.07159100480081,
  "best_exact_thresh": 0.0,
  "best_f1": 50.07159100480081,
  "best_f1_thresh": 0.0
}
