{"eval_loss": 1.329296875, "eval_accuracy": 0.5201342281879194, "global_step": 0, "spec": "_dev"}