{"em": 0.29831195138419986, "f1": 0.42927675369469914, "prec": 0.4615788933317359, "recall": 0.43492841609366617, "sp_em": 0.0, "sp_f1": 0.0, "sp_prec": 0.0, "sp_recall": 0.0, "joint_em": 0.0, "joint_f1": 0.0, "joint_prec": 0.0, "joint_recall": 0.0}
