{"exact_match": 14.153263954588457, "f1": 23.59987328797726}
