{"eval_loss": 0.6373066149259868, "eval_accuracy": 0.7757838283828383, "global_step": 0, "spec": "_dev"}