{
  "exact": 60.9281563210646,
  "f1": 64.72066780330773,
  "total": 11873,
  "HasAns_exact": 31.393387314439945,
  "HasAns_f1": 38.98928623965435,
  "HasAns_total": 5928,
  "NoAns_exact": 90.3784693019344,
  "NoAns_f1": 90.3784693019344,
  "NoAns_total": 5945,
  "best_exact": 60.94500126337067,
  "best_exact_thresh": -0.0625,
  "best_f1": 64.72852877638424,
  "best_f1_thresh": -0.0625
}
