{"exact_match": 77.39829706717124, "f1": 85.56043732604643}
