{"eval_loss": 0.5221044034622728, "eval_accuracy": 0.8404478656403079, "global_step": 7200, "spec": "_3_7200"}