{"eval_loss": 0.442845938685603, "eval_accuracy": 0.8531940417874637, "global_step": 0, "spec": "_dev"}