{"f1": 25.987922296991503, "exact_match": 20.25087288245183}
