{"exact_match": 18.98357687831372, "f1": 24.591949839952214}
