{"em": 0.49074949358541525, "f1": 0.6340801890061362, "prec": 0.6592637558209026, "recall": 0.6493821280355616, "sp_em": 0.0, "sp_f1": 0.0, "sp_prec": 0.0, "sp_recall": 0.0, "joint_em": 0.0, "joint_f1": 0.0, "joint_prec": 0.0, "joint_recall": 0.0}
