{"exact_match": 83.59508041627247, "f1": 90.2551272661986}
