{"eval_loss": 0.7690204821134868, "eval_accuracy": 0.7091584158415841, "global_step": 0, "spec": "_dev"}