{
  "exact": 50.84645835088015,
  "f1": 52.17560871588392,
  "total": 11873,
  "HasAns_exact": 6.275303643724697,
  "HasAns_f1": 8.937416039758835,
  "HasAns_total": 5928,
  "NoAns_exact": 95.2901597981497,
  "NoAns_f1": 95.2901597981497,
  "NoAns_total": 5945,
  "best_exact": 50.93068306241051,
  "best_exact_thresh": -0.4609375,
  "best_f1": 52.189726381816676,
  "best_f1_thresh": -0.0390625
}
