{"eval_loss": 0.5451732434724507, "eval_accuracy": 0.7363861386138614, "global_step": 1600, "spec": "_1_1600"}