{"em": 0.29534098582039164, "f1": 0.4037722228560336, "prec": 0.43443384156406384, "recall": 0.4072009947791413, "sp_em": 0.0, "sp_f1": 0.0, "sp_prec": 0.0, "sp_recall": 0.0, "joint_em": 0.0, "joint_f1": 0.0, "joint_prec": 0.0, "joint_recall": 0.0}
