{"f1": 57.83358053704529, "exact_match": 48.75210138368033}
