{"eval_loss": 1.379296875, "eval_accuracy": 0.4664429530201342, "global_step": 0, "spec": "_dev"}