{"exact_match": 84.33301797540209, "f1": 91.20911182155186}
