{"em": 0.4773801485482782, "f1": 0.620922866299845, "prec": 0.6476839944993132, "recall": 0.6353049410616834, "sp_em": 0.0, "sp_f1": 0.0, "sp_prec": 0.0, "sp_recall": 0.0, "joint_em": 0.0, "joint_f1": 0.0, "joint_prec": 0.0, "joint_recall": 0.0}
