{"eval_loss": 1.3150390625, "eval_accuracy": 0.4899328859060403, "global_step": 75, "spec": "_1_75"}