{"em": 0.3351789331532748, "f1": 0.45409303383430294, "prec": 0.4909262609221483, "recall": 0.4543175491126998, "sp_em": 0.0, "sp_f1": 0.0, "sp_prec": 0.0, "sp_recall": 0.0, "joint_em": 0.0, "joint_f1": 0.0, "joint_prec": 0.0, "joint_recall": 0.0}
