{"exact_match": 26.433301797540206, "f1": 36.401248966843546}
