{"f1": 55.72198462474141, "exact_match": 46.773567826199404}
