{"eval_loss": 0.6703330592105263, "eval_accuracy": 0.7621699669966997, "global_step": 0, "spec": "_dev"}