{"eval_loss": 0.7793932462993421, "eval_accuracy": 0.6171617161716172, "global_step": 0, "spec": "_dev"}