{
  "exact": 78.16895477132991,
  "f1": 81.25350470927009,
  "total": 11873,
  "HasAns_exact": 75.77597840755736,
  "HasAns_f1": 81.95392399007493,
  "HasAns_total": 5928,
  "NoAns_exact": 80.55508830950379,
  "NoAns_f1": 80.55508830950379,
  "NoAns_total": 5945,
  "best_exact": 78.91855470395014,
  "best_exact_thresh": -2.25,
  "best_f1": 81.75906987359399,
  "best_f1_thresh": -2.24609375
}
