{"eval_loss": 0.7747834858141447, "eval_accuracy": 0.7151402640264026, "global_step": 0, "spec": "_dev"}