{"em": 0.6091829844699528, "f1": 0.6678639199874266, "prec": 0.663701663426009, "recall": 0.6805749037518118, "sp_em": 0.0, "sp_f1": 0.0, "sp_prec": 0.0, "sp_recall": 0.0, "joint_em": 0.0, "joint_f1": 0.0, "joint_prec": 0.0, "joint_recall": 0.0}
