{"eval_loss": 0.8184545352436102, "eval_accuracy": 0.7174847545736279, "global_step": 0, "spec": "_dev"}