{"f1": 35.554151730674455, "exact_match": 28.268459847407215}
