{"eval_loss": 0.769677734375, "eval_accuracy": 0.80625, "global_step": 225, "spec": "_2_225"}