{"f1": 25.683943090270464, "exact_match": 20.043967412388465}
