{"eval_loss": 1.3958984375, "eval_accuracy": 0.46308724832214765, "global_step": 0, "spec": "_dev"}