{"eval_loss": 1.3666015625, "eval_accuracy": 0.4798657718120805, "global_step": 0, "spec": "_dev"}