{"eval_loss": 1.5932300121753247, "eval_accuracy": 0.34908942091262535, "global_step": 0, "spec": "_dev"}