{
  "exact": 76.80451444453803,
  "f1": 79.967496010298,
  "total": 11873,
  "HasAns_exact": 71.86234817813765,
  "HasAns_f1": 78.19738193830426,
  "HasAns_total": 5928,
  "NoAns_exact": 81.73254835996636,
  "NoAns_f1": 81.73254835996636,
  "NoAns_total": 5945,
  "best_exact": 77.32670765602627,
  "best_exact_thresh": -1.96875,
  "best_f1": 80.23793194291473,
  "best_f1_thresh": -1.0859375
}
