{"eval_loss": 1.34375, "eval_accuracy": 0.4966442953020134, "global_step": 0, "spec": "_dev"}