{"eval_loss": 0.7169783742804277, "eval_accuracy": 0.7452557755775577, "global_step": 0, "spec": "_dev"}