{"exact_match": 28.88917625759731, "f1": 36.07637258596266}
