{"exact_match": 82.09082308420057, "f1": 89.75504215654567}
