{"eval_loss": 0.47771622045352435, "eval_accuracy": 0.8363990802759173, "global_step": 6800, "spec": "_2_6800"}