{
  "exact": 77.9331255790449,
  "f1": 81.0348775743233,
  "total": 11873,
  "HasAns_exact": 75.92780026990553,
  "HasAns_f1": 82.1401992982357,
  "HasAns_total": 5928,
  "NoAns_exact": 79.93271656854499,
  "NoAns_f1": 79.93271656854499,
  "NoAns_total": 5945,
  "best_exact": 78.98593447317442,
  "best_exact_thresh": -2.25390625,
  "best_f1": 81.81724226846907,
  "best_f1_thresh": -2.25390625
}
