{"exact_match": 26.121097445600757, "f1": 35.539132998479694}
