{"em": 0.11559756920999324, "f1": 0.1583691160410061, "prec": 0.16112189391142054, "recall": 0.1742136704543862, "sp_em": 0.0, "sp_f1": 0.0, "sp_prec": 0.0, "sp_recall": 0.0, "joint_em": 0.0, "joint_f1": 0.0, "joint_prec": 0.0, "joint_recall": 0.0}
