{"em": 0.48791357191087104, "f1": 0.6326384312083664, "prec": 0.6574781185927197, "recall": 0.6484596076869775, "sp_em": 0.0, "sp_f1": 0.0, "sp_prec": 0.0, "sp_recall": 0.0, "joint_em": 0.0, "joint_f1": 0.0, "joint_prec": 0.0, "joint_recall": 0.0}
