{
  "exact": 68.32308599343047,
  "f1": 71.08212027224775,
  "total": 11873,
  "HasAns_exact": 63.03981106612686,
  "HasAns_f1": 68.56579183407493,
  "HasAns_total": 5928,
  "NoAns_exact": 73.59125315391086,
  "NoAns_f1": 73.59125315391086,
  "NoAns_total": 5945,
  "best_exact": 68.60102754148068,
  "best_exact_thresh": -0.875,
  "best_f1": 71.13372803717914,
  "best_f1_thresh": -0.296875
}
