{"eval_loss": 1.1196352475649352, "eval_accuracy": 0.6202169019848578, "global_step": 0, "spec": "_dev"}