{"exact_match": 79.18637653736991, "f1": 88.03426176390204}
