{"eval_loss": 1.0290051745129871, "eval_accuracy": 0.6644157970124821, "global_step": 0, "spec": "_dev"}