{
  "exact": 69.89808809904827,
  "f1": 74.2281738745801,
  "total": 11873,
  "HasAns_exact": 66.90283400809717,
  "HasAns_f1": 75.57542314657364,
  "HasAns_total": 5928,
  "NoAns_exact": 72.8847771236333,
  "NoAns_f1": 72.8847771236333,
  "NoAns_total": 5945,
  "best_exact": 71.26252842584015,
  "best_exact_thresh": -3.1640625,
  "best_f1": 74.8017514249302,
  "best_f1_thresh": -2.6171875
}
