{"exact_match": 75.45884578997162, "f1": 85.40531035122031}
