{"eval_loss": 0.955560064935065, "eval_accuracy": 0.6879476161244117, "global_step": 0, "spec": "_dev"}