{"f1": 5.4224291054929505, "exact_match": 2.7932238458554246}
