{"eval_loss": 0.4538983719798323, "eval_accuracy": 0.8478456463061081, "global_step": 0, "spec": "_dev"}