{"exact_match": 46.68304668304668, "f1": 55.92201423695451}
