{
  "exact": 43.11462983239282,
  "f1": 44.271285044385856,
  "total": 11873,
  "HasAns_exact": 4.504048582995951,
  "HasAns_f1": 6.820676000673629,
  "HasAns_total": 5928,
  "NoAns_exact": 81.6148023549201,
  "NoAns_f1": 81.6148023549201,
  "NoAns_total": 5945,
  "best_exact": 50.07159100480081,
  "best_exact_thresh": 0.0,
  "best_f1": 50.07159100480081,
  "best_f1_thresh": 0.0
}
