{"exact_match": 34.86357170567697, "f1": 42.26495764705072}
