{"em": 0.4383524645509791, "f1": 0.5814252480533899, "prec": 0.610966955010007, "recall": 0.5946307805957485, "sp_em": 0.0, "sp_f1": 0.0, "sp_prec": 0.0, "sp_recall": 0.0, "joint_em": 0.0, "joint_f1": 0.0, "joint_prec": 0.0, "joint_recall": 0.0}
