{"exact_match": 20.574162679425836, "f1": 25.745766274365337}
