{
  "exact": 59.98483955192454,
  "f1": 64.35045950780967,
  "total": 11873,
  "HasAns_exact": 29.68960863697706,
  "HasAns_f1": 38.43336803917392,
  "HasAns_total": 5928,
  "NoAns_exact": 90.19343986543313,
  "NoAns_f1": 90.19343986543313,
  "NoAns_total": 5945,
  "best_exact": 60.06064179230186,
  "best_exact_thresh": -1.2734375,
  "best_f1": 64.36393546165478,
  "best_f1_thresh": -0.0078125
}
