{"f1": 35.42468671320413, "exact_match": 28.229665071770334}
