{"eval_loss": 0.5736863986371805, "eval_accuracy": 0.7962611216635009, "global_step": 0, "spec": "_dev"}