{
  "exact": 60.50703276341279,
  "f1": 64.27779479553026,
  "total": 11873,
  "HasAns_exact": 31.05600539811066,
  "HasAns_f1": 38.60834305116889,
  "HasAns_total": 5928,
  "NoAns_exact": 89.87384356602186,
  "NoAns_f1": 89.87384356602186,
  "NoAns_total": 5945,
  "best_exact": 60.51545523456582,
  "best_exact_thresh": -0.0078125,
  "best_f1": 64.28621726668345,
  "best_f1_thresh": -0.0078125
}
