{"eval_loss": 1.3537109375, "eval_accuracy": 0.47315436241610737, "global_step": 0, "spec": "_dev"}