{"eval_loss": 0.969625101461039, "eval_accuracy": 0.6828320032739922, "global_step": 0, "spec": "_dev"}