{"exact_match": 5.733207190160832, "f1": 13.543308947227658}
