{"eval_loss": 0.5013326334115416, "eval_accuracy": 0.8262521243626912, "global_step": 0, "spec": "_dev"}