{
  "exact": 77.16668070411859,
  "f1": 80.41062792453715,
  "total": 11873,
  "HasAns_exact": 72.19973009446694,
  "HasAns_f1": 78.69692735290643,
  "HasAns_total": 5928,
  "NoAns_exact": 82.11942809083263,
  "NoAns_f1": 82.11942809083263,
  "NoAns_total": 5945,
  "best_exact": 77.33513012717931,
  "best_exact_thresh": -1.625,
  "best_f1": 80.52115057234701,
  "best_f1_thresh": -0.640625
}
