{"eval_loss": 0.5216294553714057, "eval_accuracy": 0.8192042387283814, "global_step": 0, "spec": "_dev"}