{"f1": 56.000806202351725, "exact_match": 46.825294193715244}
