{"eval_loss": 1.846484375, "eval_accuracy": 0.4664429530201342, "global_step": 184, "spec": "_3_184"}