{"eval_loss": 1.3154296875, "eval_accuracy": 0.46308724832214765, "global_step": 0, "spec": "_dev"}