{"em": 0.46036461850101285, "f1": 0.6004834067025328, "prec": 0.6272304372909823, "recall": 0.6144828638216447, "sp_em": 0.0, "sp_f1": 0.0, "sp_prec": 0.0, "sp_recall": 0.0, "joint_em": 0.0, "joint_f1": 0.0, "joint_prec": 0.0, "joint_recall": 0.0}
