{"exact_match": 56.83065279091769, "f1": 70.02448003613812}
