{"em": 0.03592167454422687, "f1": 0.047251735094757226, "prec": 0.05243910052955308, "recall": 0.0529917625326133, "sp_em": 0.0, "sp_f1": 0.0, "sp_prec": 0.0, "sp_recall": 0.0, "joint_em": 0.0, "joint_f1": 0.0, "joint_prec": 0.0, "joint_recall": 0.0}
