{"exact_match": 28.47536531747058, "f1": 35.5301792859261}
