{"eval_loss": 0.44899742443340657, "eval_accuracy": 0.8499450164950515, "global_step": 0, "spec": "_dev"}