{"eval_loss": 1.540234375, "eval_accuracy": 0.37583892617449666, "global_step": 0, "spec": "_dev"}