{"em": 0.15651586765698852, "f1": 0.23657456604760246, "prec": 0.2640555108122519, "recall": 0.2305126664145808, "sp_em": 0.0, "sp_f1": 0.0, "sp_prec": 0.0, "sp_recall": 0.0, "joint_em": 0.0, "joint_f1": 0.0, "joint_prec": 0.0, "joint_recall": 0.0}
