{
  "exact": 51.149667312389454,
  "f1": 52.38342229748738,
  "total": 11873,
  "HasAns_exact": 6.511470985155196,
  "HasAns_f1": 8.982519051630808,
  "HasAns_total": 5928,
  "NoAns_exact": 95.66021867115222,
  "NoAns_f1": 95.66021867115222,
  "NoAns_total": 5945,
  "best_exact": 51.334961677756255,
  "best_exact_thresh": -0.609375,
  "best_f1": 52.417057133268514,
  "best_f1_thresh": -0.0390625
}
