{
  "exact": 51.02333024509391,
  "f1": 52.48951554293622,
  "total": 11873,
  "HasAns_exact": 6.376518218623482,
  "HasAns_f1": 9.313093461754738,
  "HasAns_total": 5928,
  "NoAns_exact": 95.54247266610597,
  "NoAns_f1": 95.54247266610597,
  "NoAns_total": 5945,
  "best_exact": 51.20020213930767,
  "best_exact_thresh": -1.828125,
  "best_f1": 52.5510289941575,
  "best_f1_thresh": -0.06640625
}
