{"em": 0.49155975692099935, "f1": 0.6358604306910823, "prec": 0.6612482385230464, "recall": 0.6511217456090749, "sp_em": 0.0, "sp_f1": 0.0, "sp_prec": 0.0, "sp_recall": 0.0, "joint_em": 0.0, "joint_f1": 0.0, "joint_prec": 0.0, "joint_recall": 0.0}
