{"exact_match": 29.19953446269236, "f1": 35.80661103418277}
