{
  "exact": 50.94752800471658,
  "f1": 52.42299752415508,
  "total": 11873,
  "HasAns_exact": 6.224696356275303,
  "HasAns_f1": 9.179866667390943,
  "HasAns_total": 5928,
  "NoAns_exact": 95.54247266610597,
  "NoAns_f1": 95.54247266610597,
  "NoAns_total": 5945,
  "best_exact": 51.04017518739998,
  "best_exact_thresh": -1.171875,
  "best_f1": 52.471707482323545,
  "best_f1_thresh": -0.046875
}
