{"exact_match": 25.666982024597917, "f1": 35.550541597651495}
