{"exact_match": 20.134488555541186, "f1": 25.854649657477307}
