{"eval_loss": 1.5506797889610389, "eval_accuracy": 0.5539185594434213, "global_step": 0, "spec": "_dev"}