{
  "exact": 63.02535163817064,
  "f1": 67.3386114232631,
  "total": 11873,
  "HasAns_exact": 41.902834008097166,
  "HasAns_f1": 50.54172291302287,
  "HasAns_total": 5928,
  "NoAns_exact": 84.0874684608915,
  "NoAns_f1": 84.0874684608915,
  "NoAns_total": 5945,
  "best_exact": 63.27802577276173,
  "best_exact_thresh": -0.703125,
  "best_f1": 67.42804520214709,
  "best_f1_thresh": -0.09375
}
