{"eval_loss": 0.7366758108900758, "eval_accuracy": 0.7491252624212736, "global_step": 7400, "spec": "_3_7400"}