{"eval_loss": 0.6084959377496006, "eval_accuracy": 0.7860141957412776, "global_step": 0, "spec": "_dev"}