{"eval_loss": 1.3345703125, "eval_accuracy": 0.4899328859060403, "global_step": 0, "spec": "_dev"}