{"eval_loss": 1.845462884384984, "eval_accuracy": 0.25492352294311704, "global_step": 400, "spec": "_0_400"}