{"eval_loss": 0.5620842589357029, "eval_accuracy": 0.8037588723382985, "global_step": 0, "spec": "_dev"}