{"eval_loss": 1.0051205283717106, "eval_accuracy": 0.6456270627062707, "global_step": 0, "spec": "_dev"}