{"eval_loss": 0.45271939896166136, "eval_accuracy": 0.8484954513645906, "global_step": 0, "spec": "_dev"}