{"exact_match": 26.717123935666983, "f1": 35.71682245604355}
