{"eval_loss": 0.468994140625, "eval_accuracy": 0.865625, "global_step": 0, "spec": "_dev"}