{"f1": 47.90131787703411, "exact_match": 39.01461269882323}
