{"eval_loss": 1.159858208198052, "eval_accuracy": 0.5962758338448946, "global_step": 0, "spec": "_dev"}