{
  "exact": 60.60810241724922,
  "f1": 64.69488411233093,
  "total": 11873,
  "HasAns_exact": 30.65114709851552,
  "HasAns_f1": 38.83643034171769,
  "HasAns_total": 5928,
  "NoAns_exact": 90.47939444911691,
  "NoAns_f1": 90.47939444911691,
  "NoAns_total": 5945,
  "best_exact": 60.650214773014405,
  "best_exact_thresh": -0.546875,
  "best_f1": 64.6876648513429,
  "best_f1_thresh": -0.01171875
}
