{"exact_match": 19.87585671796198, "f1": 25.244550797906076}
