{"exact_match": 83.44370860927152, "f1": 90.17090556418191}
