{
  "exact": 60.26278109997473,
  "f1": 64.58182111981459,
  "total": 11873,
  "HasAns_exact": 30.600539811066128,
  "HasAns_f1": 39.25100576173355,
  "HasAns_total": 5928,
  "NoAns_exact": 89.84020185029436,
  "NoAns_f1": 89.84020185029436,
  "NoAns_total": 5945,
  "best_exact": 60.31331592689295,
  "best_exact_thresh": -0.140625,
  "best_f1": 64.60200831257849,
  "best_f1_thresh": -0.0546875
}
