{"eval_loss": 1.366015625, "eval_accuracy": 0.436241610738255, "global_step": 0, "spec": "_dev"}