{"em": 0.4175557056043214, "f1": 0.5411838612963933, "prec": 0.5620888917762057, "recall": 0.5545474578666583, "sp_em": 0.0, "sp_f1": 0.0, "sp_prec": 0.0, "sp_recall": 0.0, "joint_em": 0.0, "joint_f1": 0.0, "joint_prec": 0.0, "joint_recall": 0.0}
