{"eval_loss": 0.7120425575657895, "eval_accuracy": 0.7306105610561056, "global_step": 0, "spec": "_dev"}