{"eval_loss": 0.6487844366776315, "eval_accuracy": 0.7741336633663366, "global_step": 0, "spec": "_dev"}