{
  "exact": 69.26640276257054,
  "f1": 71.72143375787324,
  "total": 11873,
  "HasAns_exact": 55.246288798920375,
  "HasAns_f1": 60.16339119555119,
  "HasAns_total": 5928,
  "NoAns_exact": 83.24642556770395,
  "NoAns_f1": 83.24642556770395,
  "NoAns_total": 5945,
  "best_exact": 70.63084308936241,
  "best_exact_thresh": -2.671875,
  "best_f1": 72.7555799750031,
  "best_f1_thresh": -2.3828125
}
