{"eval_loss": 1.1852678571428572, "eval_accuracy": 0.5809289952936362, "global_step": 0, "spec": "_dev"}