{"exact_match": 47.59697256385998, "f1": 61.70618666690961}
