{
  "exact": 77.0993009348943,
  "f1": 80.1808854270791,
  "total": 11873,
  "HasAns_exact": 74.20715249662618,
  "HasAns_f1": 80.37915868348692,
  "HasAns_total": 5928,
  "NoAns_exact": 79.98317914213625,
  "NoAns_f1": 79.98317914213625,
  "NoAns_total": 5945,
  "best_exact": 77.73098627137202,
  "best_exact_thresh": -2.265625,
  "best_f1": 80.61106283665212,
  "best_f1_thresh": -1.984375
}
