{"eval_loss": 1.2947265625, "eval_accuracy": 0.5067114093959731, "global_step": 0, "spec": "_dev"}