{
  "exact": 49.99578876442348,
  "f1": 50.10725108177955,
  "total": 11873,
  "HasAns_exact": 0.20242914979757085,
  "HasAns_f1": 0.4256734301566453,
  "HasAns_total": 5928,
  "NoAns_exact": 99.64676198486123,
  "NoAns_f1": 99.64676198486123,
  "NoAns_total": 5945,
  "best_exact": 50.07159100480081,
  "best_exact_thresh": 0.0,
  "best_f1": 50.123105145126445,
  "best_f1_thresh": -0.13671875
}
