{"f1": 54.709176268590554, "exact_match": 45.71317729212466}
