{"exact_match": 47.200310358205094, "f1": 56.24290249142208}
