{"eval_loss": 0.4411439743285743, "eval_accuracy": 0.8543436968909327, "global_step": 0, "spec": "_dev"}