{"exact_match": 46.16578300788827, "f1": 55.49949548967124}
