{
  "exact": 77.20879305988377,
  "f1": 80.28845783468776,
  "total": 11873,
  "HasAns_exact": 72.52024291497976,
  "HasAns_f1": 78.68840416181636,
  "HasAns_total": 5928,
  "NoAns_exact": 81.88393608074011,
  "NoAns_f1": 81.88393608074011,
  "NoAns_total": 5945,
  "best_exact": 77.31828518487325,
  "best_exact_thresh": -1.1640625,
  "best_f1": 80.33899266160554,
  "best_f1_thresh": -0.0859375
}
