{"exact_match": 49.69725638599811, "f1": 62.36863490426568}
