{"em": 0.4014854827819041, "f1": 0.5369966829099599, "prec": 0.5584975902327765, "recall": 0.5537010400485991, "sp_em": 0.0, "sp_f1": 0.0, "sp_prec": 0.0, "sp_recall": 0.0, "joint_em": 0.0, "joint_f1": 0.0, "joint_prec": 0.0, "joint_recall": 0.0}
