{"eval_loss": 0.608554437899361, "eval_accuracy": 0.7842147355793262, "global_step": 0, "spec": "_dev"}