{"exact_match": 56.792809839167454, "f1": 69.74138726896797}
