{"eval_loss": 1.0036969866071428, "eval_accuracy": 0.6723961530591365, "global_step": 0, "spec": "_dev"}