{"eval_loss": 1.3412109375, "eval_accuracy": 0.4865771812080537, "global_step": 0, "spec": "_dev"}