{"eval_loss": 0.960163859577922, "eval_accuracy": 0.6824227542459587, "global_step": 0, "spec": "_dev"}