{"eval_loss": 1.3525390625, "eval_accuracy": 0.49328859060402686, "global_step": 0, "spec": "_dev"}