{"eval_loss": 1.1515447443181819, "eval_accuracy": 0.5968897073869449, "global_step": 0, "spec": "_dev"}