{"eval_loss": 1.677734375, "eval_accuracy": 0.35570469798657717, "global_step": 0, "spec": "_dev"}