{"eval_loss": 1.0452262581168832, "eval_accuracy": 0.6447718436668712, "global_step": 0, "spec": "_dev"}