{"em": 0.15692099932478054, "f1": 0.23325114695604188, "prec": 0.2602709815567016, "recall": 0.228669920481693, "sp_em": 0.0, "sp_f1": 0.0, "sp_prec": 0.0, "sp_recall": 0.0, "joint_em": 0.0, "joint_f1": 0.0, "joint_prec": 0.0, "joint_recall": 0.0}
