{"exact_match": 42.00181042286305, "f1": 51.09718237675924}
