{"exact_match": 3.9072847682119205, "f1": 14.810639267478752}
