{"eval_loss": 1.0254355982730263, "eval_accuracy": 0.6190181518151815, "global_step": 0, "spec": "_dev"}