{"eval_loss": 0.6899735300164473, "eval_accuracy": 0.5719884488448845, "global_step": 0, "spec": "_dev"}