{"em": 0.15205941931127617, "f1": 0.23099494564922388, "prec": 0.25654942709248224, "recall": 0.22591578020113964, "sp_em": 0.0, "sp_f1": 0.0, "sp_prec": 0.0, "sp_recall": 0.0, "joint_em": 0.0, "joint_f1": 0.0, "joint_prec": 0.0, "joint_recall": 0.0}
