{"exact_match": 47.852412488174075, "f1": 61.89457157889403}
