{"f1": 11.253261274810072, "exact_match": 8.767619293935084}
