{
  "exact": 77.55411437715826,
  "f1": 80.512552352718,
  "total": 11873,
  "HasAns_exact": 73.85290148448043,
  "HasAns_f1": 79.7782614851248,
  "HasAns_total": 5928,
  "NoAns_exact": 81.24474348191758,
  "NoAns_f1": 81.24474348191758,
  "NoAns_total": 5945,
  "best_exact": 78.15210982902383,
  "best_exact_thresh": -2.0625,
  "best_f1": 80.92901917312793,
  "best_f1_thresh": -2.0625
}
