{"eval_loss": 0.5591311713757987, "eval_accuracy": 0.8038588423472958, "global_step": 0, "spec": "_dev"}