{"eval_loss": 0.4412071544903155, "eval_accuracy": 0.8542937118864341, "global_step": 0, "spec": "_dev"}