{"eval_loss": 1.22451171875, "eval_accuracy": 0.553125, "global_step": 368, "spec": "_3_368"}