{"exact_match": 84.02081362346263, "f1": 90.99652524603249}
