{"eval_loss": 1.2894620028409092, "eval_accuracy": 0.523634131368938, "global_step": 0, "spec": "_dev"}