{"eval_loss": 0.9979826274671053, "eval_accuracy": 0.6443894389438944, "global_step": 0, "spec": "_dev"}