{
  "exact": 73.47763833908868,
  "f1": 77.40177710931322,
  "total": 11873,
  "HasAns_exact": 67.6450742240216,
  "HasAns_f1": 75.50460519886556,
  "HasAns_total": 5928,
  "NoAns_exact": 79.29352396972246,
  "NoAns_f1": 79.29352396972246,
  "NoAns_total": 5945,
  "best_exact": 76.44234818495747,
  "best_exact_thresh": -4.92578125,
  "best_f1": 80.27893152475018,
  "best_f1_thresh": -4.37890625
}
