{
  "exact": 77.47831213678093,
  "f1": 80.38333089017428,
  "total": 11873,
  "HasAns_exact": 57.810391363022944,
  "HasAns_f1": 63.62875972655896,
  "HasAns_total": 5928,
  "NoAns_exact": 97.08999158957107,
  "NoAns_f1": 97.08999158957107,
  "NoAns_total": 5945,
  "best_exact": 77.68887391560683,
  "best_exact_thresh": -1.46875,
  "best_f1": 80.57033253784297,
  "best_f1_thresh": -1.46875
}
