{"exact_match": 27.218543046357617, "f1": 35.925492482118756}
