{"exact_match": 76.23462630085146, "f1": 82.44196027037337}
