{"eval_loss": 0.7999653063322368, "eval_accuracy": 0.5257838283828383, "global_step": 0, "spec": "_dev"}