{"eval_loss": 0.7821880139802632, "eval_accuracy": 0.5136138613861386, "global_step": 0, "spec": "_dev"}