{"eval_loss": 0.5151488087809505, "eval_accuracy": 0.8236029191242628, "global_step": 0, "spec": "_dev"}