{"eval_loss": 1.0276227678571428, "eval_accuracy": 0.6707591569470023, "global_step": 0, "spec": "_dev"}