{"eval_loss": 1.5125177556818181, "eval_accuracy": 0.43646408839779005, "global_step": 0, "spec": "_dev"}