{"eval_loss": 1.1645127333603895, "eval_accuracy": 0.5987313280130959, "global_step": 0, "spec": "_dev"}