{"exact_match": 70.31220435193946, "f1": 80.69252897785496}
