{
  "exact": 60.35542828265813,
  "f1": 64.44069241456566,
  "total": 11873,
  "HasAns_exact": 30.24628879892038,
  "HasAns_f1": 38.428532563788174,
  "HasAns_total": 5928,
  "NoAns_exact": 90.3784693019344,
  "NoAns_f1": 90.3784693019344,
  "NoAns_total": 5945,
  "best_exact": 60.397540638423315,
  "best_exact_thresh": -0.046875,
  "best_f1": 64.46312025203635,
  "best_f1_thresh": -0.0234375
}
