{"eval_loss": 0.6830251593338815, "eval_accuracy": 0.7512376237623762, "global_step": 0, "spec": "_dev"}