{"eval_loss": 1.7091796875, "eval_accuracy": 0.47651006711409394, "global_step": 225, "spec": "_4_225"}