{"exact_match": 14.354066985645932, "f1": 18.446613814684568}
