{
  "exact": 55.655689379263876,
  "f1": 57.36362946294735,
  "total": 11873,
  "HasAns_exact": 20.93454790823212,
  "HasAns_f1": 24.355326014435477,
  "HasAns_total": 5928,
  "NoAns_exact": 90.2775441547519,
  "NoAns_f1": 90.2775441547519,
  "NoAns_total": 5945,
  "best_exact": 55.67253432156995,
  "best_exact_thresh": -0.046875,
  "best_f1": 57.37205193410048,
  "best_f1_thresh": -0.0078125
}
