{"exact_match": 25.87511825922422, "f1": 35.56162410045886}
