{"exact_match": 84.80605487228004, "f1": 91.47249351981405}
