{"exact_match": 48.20245979186377, "f1": 61.90494499522571}
