{"em": 0.3038487508440243, "f1": 0.4364190221044924, "prec": 0.46704878433820674, "recall": 0.44543390055593673, "sp_em": 0.0, "sp_f1": 0.0, "sp_prec": 0.0, "sp_recall": 0.0, "joint_em": 0.0, "joint_f1": 0.0, "joint_prec": 0.0, "joint_recall": 0.0}
