{"eval_loss": 0.6098586012380192, "eval_accuracy": 0.7846146156153154, "global_step": 0, "spec": "_dev"}