{"f1": 58.29370404434096, "exact_match": 49.114185956291216}
