{"f1": 26.542468868055828, "exact_match": 20.987973619552566}
