{"exact_match": 48.666035950804165, "f1": 62.40117006471016}
