{"f1": 58.04926269808292, "exact_match": 48.71330660804345}
