{"eval_loss": 1.369921875, "eval_accuracy": 0.45302013422818793, "global_step": 0, "spec": "_dev"}