{"eval_loss": 0.5677147033496406, "eval_accuracy": 0.8031590522843147, "global_step": 0, "spec": "_dev"}