{"eval_loss": 0.44118687443839855, "eval_accuracy": 0.8543436968909327, "global_step": 0, "spec": "_dev"}