{"eval_loss": 0.6838892886513158, "eval_accuracy": 0.759075907590759, "global_step": 0, "spec": "_dev"}