{"eval_loss": 0.5737095883018092, "eval_accuracy": 0.7007013201320133, "global_step": 2200, "spec": "_1_2200"}