{
  "exact": 49.98736629327045,
  "f1": 50.199364262262364,
  "total": 11873,
  "HasAns_exact": 0.15182186234817813,
  "HasAns_f1": 0.5764257567208272,
  "HasAns_total": 5928,
  "NoAns_exact": 99.68040370058873,
  "NoAns_f1": 99.68040370058873,
  "NoAns_total": 5945,
  "best_exact": 50.08001347595385,
  "best_exact_thresh": -12.435546875,
  "best_f1": 50.190941791109346,
  "best_f1_thresh": -0.0390625
}
