{"eval_loss": 0.4405652128469449, "eval_accuracy": 0.8547435769269219, "global_step": 0, "spec": "_dev"}