{"eval_loss": 1.0333172686688312, "eval_accuracy": 0.6640065479844486, "global_step": 0, "spec": "_dev"}