{"eval_loss": 0.5729110766523562, "eval_accuracy": 0.795961211636509, "global_step": 0, "spec": "_dev"}