{"eval_loss": 1.4359375, "eval_accuracy": 0.4395973154362416, "global_step": 0, "spec": "_dev"}