{
  "exact": 77.31828518487325,
  "f1": 80.37085541429067,
  "total": 11873,
  "HasAns_exact": 73.54925775978407,
  "HasAns_f1": 79.66315221556552,
  "HasAns_total": 5928,
  "NoAns_exact": 81.07653490328006,
  "NoAns_f1": 81.07653490328006,
  "NoAns_total": 5945,
  "best_exact": 77.73098627137202,
  "best_exact_thresh": -1.8359375,
  "best_f1": 80.59190203039331,
  "best_f1_thresh": -1.734375
}
