{"exact_match": 49.67833491012299, "f1": 62.07922903637633}
