{"eval_loss": 0.8757998817845395, "eval_accuracy": 0.6792491749174917, "global_step": 0, "spec": "_dev"}