{"eval_loss": 0.7112471607927316, "eval_accuracy": 0.7693192042387283, "global_step": 0, "spec": "_dev"}