{"eval_loss": 1.434760551948052, "eval_accuracy": 0.5205647636586863, "global_step": 0, "spec": "_dev"}