{"exact_match": 49.83916745506149, "f1": 62.498541739235364}
