{"f1": 56.976440148720215, "exact_match": 47.91154791154791}
