{"f1": 36.43743875245242, "exact_match": 28.992628992628994}
