{"em": 0.40445644834571237, "f1": 0.4614960413627089, "prec": 0.45959543240402595, "recall": 0.46835432479591865, "sp_em": 0.0, "sp_f1": 0.0, "sp_prec": 0.0, "sp_recall": 0.0, "joint_em": 0.0, "joint_f1": 0.0, "joint_prec": 0.0, "joint_recall": 0.0}
