{"exact_match": 49.30936613055818, "f1": 61.63976389410379}
