{
  "exact": 50.93910553356355,
  "f1": 52.38667007118743,
  "total": 11873,
  "HasAns_exact": 6.292172739541161,
  "HasAns_f1": 9.191453062619575,
  "HasAns_total": 5928,
  "NoAns_exact": 95.45836837678722,
  "NoAns_f1": 95.45836837678722,
  "NoAns_total": 5945,
  "best_exact": 51.11597742777731,
  "best_exact_thresh": -1.8984375,
  "best_f1": 52.474277109934285,
  "best_f1_thresh": -0.0625
}
