{"exact_match": 25.553453169347208, "f1": 35.50185210135299}
