{"eval_loss": 1.3748046875, "eval_accuracy": 0.4463087248322148, "global_step": 0, "spec": "_dev"}