{"eval_loss": 0.6290668688322368, "eval_accuracy": 0.7801155115511551, "global_step": 0, "spec": "_dev"}