{"eval_loss": 0.9737659801136364, "eval_accuracy": 0.6777163904235728, "global_step": 0, "spec": "_dev"}