{"f1": 58.4436607192752, "exact_match": 49.308159834475624}
