{"eval_loss": 0.5603682545427316, "eval_accuracy": 0.8035089473158052, "global_step": 0, "spec": "_dev"}