{"f1": 25.63882358410315, "exact_match": 20.16035173929911}
