{"eval_loss": 1.1282958984375, "eval_accuracy": 0.619430693069307, "global_step": 0, "spec": "_dev"}