{"eval_loss": 0.6430808362869409, "eval_accuracy": 0.7710686793961812, "global_step": 0, "spec": "_dev"}