{"eval_loss": 0.7820948550575658, "eval_accuracy": 0.7153465346534653, "global_step": 0, "spec": "_dev"}