{"eval_loss": 0.7746292917351973, "eval_accuracy": 0.716996699669967, "global_step": 0, "spec": "_dev"}