{"em": 0.4152599594868332, "f1": 0.5397545782629362, "prec": 0.5610509206957299, "recall": 0.5519907267667127, "sp_em": 0.0, "sp_f1": 0.0, "sp_prec": 0.0, "sp_recall": 0.0, "joint_em": 0.0, "joint_f1": 0.0, "joint_prec": 0.0, "joint_recall": 0.0}
