{"eval_loss": 1.0181995738636365, "eval_accuracy": 0.5835891139758543, "global_step": 10983, "spec": "_3_10983"}