{"exact_match": 47.48480537954222, "f1": 56.565124028994404}
