{"exact_match": 3.6045411542100285, "f1": 17.355692138896973}
