{"exact_match": 4.9479659413434245, "f1": 12.007732513581763}
