{"eval_loss": 0.4420230365789736, "eval_accuracy": 0.8543936818954314, "global_step": 0, "spec": "_dev"}