{"eval_loss": 0.6864527652138158, "eval_accuracy": 0.7594884488448845, "global_step": 0, "spec": "_dev"}