{"eval_loss": 0.7710860402960527, "eval_accuracy": 0.5072194719471947, "global_step": 0, "spec": "_dev"}