{"exact_match": 84.36140018921476, "f1": 91.24840198682637}
