{"eval_loss": 1.3077947443181819, "eval_accuracy": 0.5140167792101493, "global_step": 0, "spec": "_dev"}