{"exact_match": 83.54777672658467, "f1": 90.30542359483776}
