{"em": 0.4091829844699527, "f1": 0.536747408802707, "prec": 0.5581860679790434, "recall": 0.5490470422345743, "sp_em": 0.0, "sp_f1": 0.0, "sp_prec": 0.0, "sp_recall": 0.0, "joint_em": 0.0, "joint_f1": 0.0, "joint_prec": 0.0, "joint_recall": 0.0}
