{"f1": 42.258794167517706, "exact_match": 34.50148713306608}
