{"eval_loss": 1.0037199321546053, "eval_accuracy": 0.6448019801980198, "global_step": 0, "spec": "_dev"}