{"eval_loss": 1.3208984375, "eval_accuracy": 0.5268456375838926, "global_step": 0, "spec": "_dev"}