{"eval_loss": 1.2761065834446956, "eval_accuracy": 0.7454620462046204, "global_step": 7200, "spec": "_6_7200"}