{"eval_loss": 1.38671875, "eval_accuracy": 0.253125, "global_step": 138, "spec": "_2_138"}