{"eval_loss": 1.458984375, "eval_accuracy": 0.40268456375838924, "global_step": 0, "spec": "_dev"}