{"eval_loss": 0.601611328125, "eval_accuracy": 0.828125, "global_step": 0, "spec": "_dev"}