{"eval_loss": 0.7821044921875, "eval_accuracy": 0.7139026402640264, "global_step": 0, "spec": "_dev"}