{"eval_loss": 0.7084029348273027, "eval_accuracy": 0.7301980198019802, "global_step": 0, "spec": "_dev"}