{"em": 0.1661039837947333, "f1": 0.23395154881834776, "prec": 0.2387480610433678, "recall": 0.25299765960915027, "sp_em": 0.0, "sp_f1": 0.0, "sp_prec": 0.0, "sp_recall": 0.0, "joint_em": 0.0, "joint_f1": 0.0, "joint_prec": 0.0, "joint_recall": 0.0}
