{
  "exact": 25.587467362924283,
  "f1": 27.977551728825276,
  "total": 11873,
  "HasAns_exact": 3.7786774628879893,
  "HasAns_f1": 8.565700350260359,
  "HasAns_total": 5928,
  "NoAns_exact": 47.33389402859546,
  "NoAns_f1": 47.33389402859546,
  "NoAns_total": 5945,
  "best_exact": 50.07159100480081,
  "best_exact_thresh": 0.0,
  "best_f1": 50.07159100480081,
  "best_f1_thresh": 0.0
}
