{"exact_match": 29.109013319539635, "f1": 36.247563651920885}
