{"exact_match": 19.668951247898615, "f1": 25.37641178801239}
