{"eval_loss": 0.9907869037828947, "eval_accuracy": 0.6402640264026402, "global_step": 0, "spec": "_dev"}