{"exact_match": 82.58278145695364, "f1": 89.86655322938641}
