{
  "exact": 75.20424492546113,
  "f1": 78.33606387507557,
  "total": 11873,
  "HasAns_exact": 68.38731443994602,
  "HasAns_f1": 74.65993360134492,
  "HasAns_total": 5928,
  "NoAns_exact": 82.00168208578637,
  "NoAns_f1": 82.00168208578637,
  "NoAns_total": 5945,
  "best_exact": 75.8443527330919,
  "best_exact_thresh": -1.99609375,
  "best_f1": 78.71945211085844,
  "best_f1_thresh": -1.99609375
}
