{"f1": 56.31055398382796, "exact_match": 47.135652398810294}
