{"exact_match": 28.92797103323419, "f1": 35.970017593787645}
