{"exact_match": 8.224492435018751, "f1": 10.75244988438436}
