{"eval_loss": 1.333778782894737, "eval_accuracy": 0.620049504950495, "global_step": 0, "spec": "_dev"}