{"em": 0.40661715057393655, "f1": 0.5316907313033643, "prec": 0.5528596597627656, "recall": 0.5450872125826449, "sp_em": 0.0, "sp_f1": 0.0, "sp_prec": 0.0, "sp_recall": 0.0, "joint_em": 0.0, "joint_f1": 0.0, "joint_prec": 0.0, "joint_recall": 0.0}
