{"em": 0.0988521269412559, "f1": 0.15036718157320184, "prec": 0.15424512620952877, "recall": 0.16173657743711775, "sp_em": 0.0, "sp_f1": 0.0, "sp_prec": 0.0, "sp_recall": 0.0, "joint_em": 0.0, "joint_f1": 0.0, "joint_prec": 0.0, "joint_recall": 0.0}
