{"eval_loss": 0.6965974506578947, "eval_accuracy": 0.7520627062706271, "global_step": 0, "spec": "_dev"}