{"em": 0.4072923700202566, "f1": 0.5347006319509534, "prec": 0.557433522854305, "recall": 0.5461799786956681, "sp_em": 0.0, "sp_f1": 0.0, "sp_prec": 0.0, "sp_recall": 0.0, "joint_em": 0.0, "joint_f1": 0.0, "joint_prec": 0.0, "joint_recall": 0.0}
