{"exact_match": 47.226173541963014, "f1": 56.2142267957726}
